phone_number,ID_Organismouuu
7735622570,1
1665298510,2
5132202268,3
9748192547,4
1537374664,5
5604108877,6
7615396654,7
2840131461,8
8212413276,9
6591552480,10
1906001870,11
3369792036,12
2536414124,13
6876682129,14
3325445721,15
5920177301,16
8700503517,17
3053098733,18
7991115879,19
2783295687,20
6586466789,21
7567664739,22
4336053219,23
6145422297,24
1380545730,25
3062079150,26
3170963120,27
5556533547,28
5226223442,29
4835290948,30
9721177431,31
5785011859,32
7637694801,33
4369217172,34
1864967587,35
8226845106,36
2475660910,37
5684881955,38
9810625790,39
2824104155,40
5529619142,1
2636044949,2
7418932565,3
9042749881,4
8364042076,5
5810540392,6
4889447997,7
4664714386,8
2439412716,9
2437412716,10
